[
  {
    "id": 1,
    "type": "log",
    "message": "W (5096) Motor: Setup Motor Done"
  },
  {
    "id": 1,
    "type": "log",
    "message": "W (6506) bno055: Set calibration offsets - Ok"
  },
  {
    "id": 1,
    "type": "log",
    "message": "W (6506) bno055: Accel offset: -17 -15 -24    Magnet: 0 0 0    Gyro: -1 -1 0 Acc_Radius: 1000    Mag_Radius: 480"
  },
  {
    "id": 1,
    "type": "log",
    "message": "W (8576) bno055: Calib - Sys: 0, Gyro: 3, Accel: 3, Mag: 0"
  },
  {
    "id": 1,
    "type": "log",
    "message": "W (8576) BNO055_Handler: Calib - Sys: 0, Gyro: 3, Accel: 3, Mag: 0"
  },
  {
    "id": 1,
    "type": "log",
    "message": "W (8696) BNO055_Handler: Accel offset: -17 -15 -24    Magnet: 0 0 0    Gyro: -2 0 0 Acc_Radius: 1000    Mag_Radius: 480"
  },
  {
    "id": 1,
    "type": "log",
    "message": "W (8716) BNO055_Handler: Calibration data saved successfully"
  },
  {
    "id": 1,
    "type": "log",
    "message": "W (11216) BNO055_Handler: apply_yaw_offset set to 1 with offset 0.00"
  },
  {
    "id": 1,
    "type": "log",
    "message": "W (13116) PID: Updated Motor 1 PID values to Kp: 3.000000 Ki: 0.600000 Kd: 0.500000"
  },
  {
    "id": 1,
    "type": "log",
    "message": "W (13536) PID: Updated Motor 2 PID values to Kp: 3.000000 Ki: 0.600000 Kd: 0.500000"
  },
  {
    "id": 1,
    "type": "log",
    "message": "W (14066) PID: Updated Motor 3 PID values to Kp: 3.000000 Ki: 0.600000 Kd: 0.500000"
  }
]